ID,Pred
2021_1101_1104,0.270112895791351
2021_1101_1111,0.80242780233983
2021_1101_1116,0.288964992267111
2021_1101_1124,0.260908976916497
2021_1101_1140,0.325031108754833
2021_1101_1155,0.377845326454395
2021_1101_1156,0.725655959397523
2021_1101_1159,0.424732072591986
2021_1101_1160,0.29804161379919
2021_1101_1163,0.314334167985844
2021_1101_1166,0.308892499989766
2021_1101_1179,0.418555946944331
2021_1101_1180,0.678321292050619
2021_1101_1186,0.572875456315465
2021_1101_1196,0.350093526051332
2021_1101_1199,0.29245673592198
2021_1101_1207,0.43720104763476
2021_1101_1210,0.343161147525532
2021_1101_1211,0.256164878516003
2021_1101_1213,0.56541555935644
2021_1101_1216,0.793358681893835
2021_1101_1222,0.266316493714494
2021_1101_1228,0.262541914872809
2021_1101_1233,0.712859909313788
2021_1101_1234,0.270460552324241
2021_1101_1242,0.293350665615571
2021_1101_1251,0.584339395320968
2021_1101_1260,0.292876360917838
2021_1101_1261,0.314504186704173
2021_1101_1268,0.368553430698486
2021_1101_1276,0.2626568196637
2021_1101_1277,0.426851456750581
2021_1101_1281,0.373880911156713
2021_1101_1287,0.643361254432821
2021_1101_1291,0.822301847845428
2021_1101_1313,0.851536354435824
2021_1101_1314,0.313804082784637
2021_1101_1317,0.473637662726537
2021_1101_1325,0.508521441500674
2021_1101_1326,0.287697018051869
2021_1101_1328,0.350260919657287
2021_1101_1329,0.336798352384793
2021_1101_1331,0.713204699262134
2021_1101_1332,0.333652063055086
2021_1101_1333,0.477370804029993
2021_1101_1345,0.321208789889761
2021_1101_1353,0.362106393675715
2021_1101_1361,0.303819692652133
2021_1101_1364,0.467902744480783
2021_1101_1382,0.331829355590733
2021_1101_1393,0.371501691461882
2021_1101_1397,0.286634232722247
2021_1101_1400,0.305100924931324
2021_1101_1403,0.299469691340976
2021_1101_1411,0.849292110230203
2021_1101_1417,0.372674224246167
2021_1101_1422,0.523714315022018
2021_1101_1425,0.293864819366288
2021_1101_1429,0.374571701745397
2021_1101_1433,0.394979213108542
2021_1101_1437,0.291029757318546
2021_1101_1438,0.291003755353487
2021_1101_1439,0.381854121879424
2021_1101_1452,0.317266105151361
2021_1101_1455,0.453973106449426
2021_1101_1457,0.472054215394248
2021_1101_1458,0.294801721164502
2021_1104_1111,0.916631718568693
2021_1104_1116,0.523852862367789
2021_1104_1124,0.488664583351386
2021_1104_1140,0.56590291847549
2021_1104_1155,0.621800210704002
2021_1104_1156,0.877459920532413
2021_1104_1159,0.666527880461431
2021_1104_1160,0.534758606338554
2021_1104_1163,0.55378269877398
2021_1104_1166,0.547505768936515
2021_1104_1179,0.660874980696603
2021_1104_1180,0.850936847757579
2021_1104_1186,0.784061318660147
2021_1104_1196,0.593214954509624
2021_1104_1199,0.528074942568782
2021_1104_1207,0.677732503355011
2021_1104_1210,0.585807766003051
2021_1104_1211,0.482482657982029
2021_1104_1213,0.778866100464089
2021_1104_1216,0.912231485635139
2021_1104_1222,0.495627044031491
2021_1104_1228,0.490776431468866
2021_1104_1233,0.870480594905257
2021_1104_1234,0.500903214432493
2021_1104_1242,0.529150455152456
2021_1104_1251,0.791915911660095
2021_1104_1260,0.528580078029931
2021_1104_1261,0.553977591846214
2021_1104_1268,0.612414391733947
2021_1104_1276,0.490924729545873
2021_1104_1277,0.668451824328936
2021_1104_1281,0.617817953649707
2021_1104_1287,0.830036093839787
2021_1104_1291,0.926076170074953
2021_1104_1313,0.939494183360941
2021_1104_1314,0.553174587286426
2021_1104_1317,0.708962977466412
2021_1104_1325,0.736913785478019
2021_1104_1326,0.522311322729469
2021_1104_1328,0.593392456537056
2021_1104_1329,0.578911197562214
2021_1104_1331,0.870670455665661
2021_1104_1332,0.57546569656659
2021_1104_1333,0.712041820218107
2021_1104_1345,0.56160484881057
2021_1104_1353,0.60579405601304
2021_1104_1361,0.541585156381597
2021_1104_1364,0.704190703605959
2021_1104_1382,0.573458840842172
2021_1104_1393,0.615412188766419
2021_1104_1397,0.521015789479601
2021_1104_1400,0.543086882027835
2021_1104_1403,0.536454108983957
2021_1104_1411,0.938483496385351
2021_1104_1417,0.616599296313262
2021_1104_1422,0.74853770719027
2021_1104_1425,0.529768058130779
2021_1104_1429,0.61851421850246
2021_1104_1433,0.638640956911832
2021_1104_1437,0.526353558955396
2021_1104_1438,0.526322140452441
2021_1104_1439,0.625793866470896
2021_1104_1452,0.557133309721855
2021_1104_1455,0.692380020095516
2021_1104_1457,0.707650493555296
2021_1104_1458,0.530891612775153
2021_1111_1116,0.0911143690798786
2021_1111_1124,0.0801038317560563
2021_1111_1140,0.10617386085483
2021_1111_1155,0.130290640110354
2021_1111_1156,0.39484423267692
2021_1111_1159,0.154065386409609
2021_1111_1160,0.0948049664098555
2021_1111_1163,0.101595482384852
2021_1111_1166,0.0993033071873486
2021_1111_1179,0.150793399394227
2021_1111_1180,0.342174284235995
2021_1111_1186,0.248599630752219
2021_1111_1196,0.117293257398363
2021_1111_1199,0.0925264674754798
2021_1111_1207,0.160809548962536
2021_1111_1210,0.114160929392858
2021_1111_1211,0.0782990224350849
2021_1111_1213,0.242960430739942
2021_1111_1216,0.486404170812077
2021_1111_1222,0.0821807077793446
2021_1111_1228,0.0807287745692023
2021_1111_1233,0.379805719969389
2021_1111_1234,0.0837867076654737
2021_1111_1242,0.0928895153922675
2021_1111_1251,0.257486314545882
2021_1111_1260,0.0926968098846089
2021_1111_1261,0.101667495541929
2021_1111_1268,0.125855060981512
2021_1111_1276,0.0807728220461345
2021_1111_1277,0.155198535799989
2021_1111_1281,0.12838761396593
2021_1111_1287,0.307953449912758
2021_1111_1291,0.5330351978822
2021_1111_1313,0.585893403711152
2021_1111_1314,0.101371114481243
2021_1111_1317,0.181646061651075
2021_1111_1325,0.203331895922333
2021_1111_1326,0.0906039341676158
2021_1111_1328,0.117369442105495
2021_1111_1329,0.111324546134911
2021_1111_1331,0.380202719087523
2021_1111_1332,0.10993542508912
2021_1111_1333,0.183881762035524
2021_1111_1345,0.104526699949148
2021_1111_1353,0.122827680128853
2021_1111_1361,0.097188454667207
2021_1111_1364,0.178249370855397
2021_1111_1382,0.109134696248431
2021_1111_1393,0.12725310330426
2021_1111_1397,0.0901770580429448
2021_1111_1400,0.0977206192010354
2021_1111_1403,0.0953915631913052
2021_1111_1411,0.581606592366855
2021_1111_1417,0.127811508950067
2021_1111_1422,0.213365150160195
2021_1111_1425,0.0930986109688296
2021_1111_1429,0.128718072845134
2021_1111_1433,0.138701462577839
2021_1111_1437,0.0919482324223699
2021_1111_1438,0.0919377107720651
2021_1111_1439,0.132231195810079
2021_1111_1452,0.102840729513741
2021_1111_1455,0.17018483123252
2021_1111_1457,0.180703662108614
2021_1111_1458,0.0934801647350044
2021_1116_1124,0.465310026237338
2021_1116_1140,0.542775331731567
2021_1116_1155,0.599543284967144
2021_1116_1156,0.867031076496754
2021_1116_1159,0.645402076788084
2021_1116_1160,0.511404346189252
2021_1116_1163,0.530545058207332
2021_1116_1166,0.524222084189313
2021_1116_1179,0.639584706580455
2021_1116_1180,0.838665773851528
2021_1116_1186,0.767787303283324
2021_1116_1196,0.57043794332079
2021_1116_1199,0.504695928640672
2021_1116_1207,0.656951191428633
2021_1116_1210,0.562921591269341
2021_1116_1211,0.459158248913095
2021_1116_1213,0.762319241795775
2021_1116_1216,0.90443961604646
2021_1116_1222,0.472247049959212
2021_1116_1228,0.467413204700493
2021_1116_1233,0.859552844329008
2021_1116_1234,0.477509964412031
2021_1116_1242,0.505774856526903
2021_1116_1251,0.776064782709544
2021_1116_1260,0.505202641049314
2021_1116_1261,0.530741500394738
2021_1116_1268,0.589969348697524
2021_1116_1276,0.467560925183104
2021_1116_1277,0.647383423675583
2021_1116_1281,0.595479136046975
2021_1116_1287,0.816415646422456
2021_1116_1291,0.919404806947597
2021_1116_1313,0.933947378526599
2021_1116_1314,0.529932159404887
2021_1116_1317,0.689272222553751
2021_1116_1325,0.71836287111322
2021_1116_1326,0.498917713987903
2021_1116_1328,0.570618190236997
2021_1116_1329,0.555932820177539
2021_1116_1331,0.859756143123333
2021_1116_1332,0.552444657739878
2021_1116_1333,0.692469013163574
2021_1116_1345,0.538435042155687
2021_1116_1353,0.583226538062576
2021_1116_1361,0.518264874363925
2021_1116_1364,0.684320837798433
2021_1116_1382,0.550413997216498
2021_1116_1393,0.593025382082404
2021_1116_1397,0.497619759696262
2021_1116_1400,0.519775255412028
2021_1116_1403,0.513107467102846
2021_1116_1411,0.932850660242136
2021_1116_1417,0.594236029917802
2021_1116_1422,0.730506682209696
2021_1116_1425,0.506394519134228
2021_1116_1429,0.596189498095937
2021_1116_1433,0.616764273230739
2021_1116_1437,0.502969531774926
2021_1116_1438,0.502938026951096
2021_1116_1439,0.603622144863013
2021_1116_1452,0.53392330416123
2021_1116_1455,0.672086242522132
2021_1116_1457,0.68791002951731
2021_1116_1458,0.50752200487682
2021_1124_1140,0.577459732027776
2021_1124_1155,0.632834412073534
2021_1124_1156,0.882445268449647
2021_1124_1159,0.676935133660887
2021_1124_1160,0.546480080101265
2021_1124_1163,0.565414388176342
2021_1124_1166,0.559170832018565
2021_1124_1179,0.671371670885171
2021_1124_1180,0.856825176601596
2021_1124_1186,0.791945475638713
2021_1124_1196,0.604552752568427
2021_1124_1199,0.539819900455593
2021_1124_1207,0.687953783814018
2021_1124_1210,0.597211836522224
2021_1124_1211,0.494275640393622
2021_1124_1213,0.786888383759828
2021_1124_1216,0.915937731557626
2021_1124_1222,0.507426291048778
2021_1124_1228,0.502575266901976
2021_1124_1233,0.875709665680256
2021_1124_1234,0.512700387599524
2021_1124_1242,0.540891917301756
2021_1124_1251,0.799586592464528
2021_1124_1260,0.540323407609517
2021_1124_1261,0.565608185970031
2021_1124_1268,0.623556646676375
2021_1124_1276,0.502723610487535
2021_1124_1277,0.678827966276993
2021_1124_1281,0.6288989987
2021_1124_1287,0.836591501250546
2021_1124_1291,0.929243135752287
2021_1124_1313,0.942122235132804
2021_1124_1314,0.564809671354115
2021_1124_1317,0.71860499700724
2021_1124_1325,0.745961608657788
2021_1124_1326,0.534073161923786
2021_1124_1328,0.604728603788719
2021_1124_1329,0.590372375538555
2021_1124_1331,0.875892954070114
2021_1124_1332,0.586953743486561
2021_1124_1333,0.721621889591736
2021_1124_1345,0.573189787011926
2021_1124_1353,0.617007608592395
2021_1124_1361,0.553278315427906
2021_1124_1364,0.713927031246622
2021_1124_1382,0.584962027192873
2021_1124_1393,0.626520820245723
2021_1124_1397,0.532780993328172
2021_1124_1400,0.554773225749791
2021_1124_1403,0.548168958393584
2021_1124_1411,0.941152697335217
2021_1124_1417,0.627694382583448
2021_1124_1422,0.757317420889161
2021_1124_1425,0.541507463768888
2021_1124_1429,0.629587179426396
2021_1124_1433,0.6494608112453
2021_1124_1437,0.538103885671604
2021_1124_1438,0.538072562572427
2021_1124_1439,0.636779613350999
2021_1124_1452,0.568745674205406
2021_1124_1455,0.702340768108403
2021_1124_1457,0.717318657986408
2021_1124_1458,0.542627185292998
2021_1140_1155,0.558207903133261
2021_1140_1156,0.846224242237626
2021_1140_1159,0.605687049274263
2021_1140_1160,0.469028424726077
2021_1140_1163,0.488167747713905
2021_1140_1166,0.481831458822447
2021_1140_1179,0.599622321980579
2021_1140_1180,0.81437065551322
2021_1140_1186,0.736176306534594
2021_1140_1196,0.528461139984726
2021_1140_1199,0.462349866835338
2021_1140_1207,0.617763595644233
2021_1140_1210,0.520827274516902
2021_1140_1211,0.417413042093123
2021_1140_1213,0.730225425177472
2021_1140_1216,0.888735240234773
2021_1140_1222,0.430258531372194
2021_1140_1228,0.425507951680732
2021_1140_1233,0.837794744143912
2021_1140_1234,0.43543959529919
2021_1140_1242,0.463422967827918
2021_1140_1251,0.745206658862244
2021_1140_1260,0.462853793820173
2021_1140_1261,0.488364821935745
2021_1140_1268,0.548390128160558
2021_1140_1276,0.425653013075153
2021_1140_1277,0.607755440327277
2021_1140_1281,0.554036293698709
2021_1140_1287,0.789610452968445
2021_1140_1291,0.905903939281587
2021_1140_1313,0.92267772698618
2021_1140_1314,0.487552961628433
2021_1140_1317,0.651819954539788
2021_1140_1325,0.682803346871122
2021_1140_1326,0.45660952736489
2021_1140_1328,0.528644446322753
2021_1140_1329,0.513746832090711
2021_1140_1331,0.838023603009123
2021_1140_1332,0.510219238697488
2021_1140_1333,0.655209314607718
2021_1140_1345,0.496093492189176
2021_1140_1353,0.541494954573446
2021_1140_1361,0.475874151558793
2021_1140_1364,0.646577779897918
2021_1140_1382,0.508167558018287
2021_1140_1393,0.551520482947811
2021_1140_1397,0.455321624741069
2021_1140_1400,0.477383416625107
2021_1140_1403,0.470726384359668
2021_1140_1411,0.921409636440377
2021_1140_1417,0.552761483319337
2021_1140_1422,0.695831216569616
2021_1140_1425,0.464039461254586
2021_1140_1429,0.554765017722648
2021_1140_1433,0.575949201703427
2021_1140_1437,0.460633609354168
2021_1140_1438,0.460602298886689
2021_1140_1439,0.562400486175439
2021_1140_1452,0.491558698664661
2021_1140_1455,0.633663469864203
2021_1140_1457,0.65037685631673
2021_1140_1458,0.465161512772989
2021_1155_1156,0.813550422779536
2021_1155_1159,0.549135073990274
2021_1155_1160,0.41190711921535
2021_1155_1163,0.430605847065038
2021_1155_1166,0.424397190000974
2021_1155_1179,0.542857029890273
2021_1155_1180,0.776714531499692
2021_1155_1186,0.68872101098781
2021_1155_1196,0.470515712133814
2021_1155_1199,0.405420883557984
2021_1155_1207,0.561690247977213
2021_1155_1210,0.462897186864009
2021_1155_1211,0.362288735111366
2021_1155_1213,0.682161857626209
2021_1155_1216,0.86363850743476
2021_1155_1222,0.374528391814152
2021_1155_1228,0.369993542695078
2021_1155_1233,0.803745232582859
2021_1155_1234,0.379485356504082
2021_1155_1242,0.406461744261411
2021_1155_1251,0.698710919473618
2021_1155_1260,0.405909606820035
2021_1155_1261,0.43079924228351
2021_1155_1268,0.490532721480857
2021_1155_1276,0.37013187181004
2021_1155_1277,0.551280342771854
2021_1155_1281,0.496237753189687
2021_1155_1287,0.748482834907186
2021_1155_1291,0.884175063426378
2021_1155_1313,0.904413586282549
2021_1155_1314,0.430002650697326
2021_1155_1317,0.597487393313236
2021_1155_1325,0.630565379147341
2021_1155_1326,0.3998616836534
2021_1155_1328,0.470698982671928
2021_1155_1329,0.455855067808008
2021_1155_1331,0.804010894141228
2021_1155_1332,0.452355185756369
2021_1155_1333,0.601081963362144
2021_1155_1345,0.438397506583738
2021_1155_1353,0.483586039557054
2021_1155_1361,0.418576366227394
2021_1155_1364,0.591939303332768
2021_1155_1382,0.450322250737946
2021_1155_1393,0.493693852559402
2021_1155_1397,0.398616425833078
2021_1155_1400,0.420049546226752
2021_1155_1403,0.413559352306811
2021_1155_1411,0.902877491915246
2021_1155_1417,0.494948335019133
2021_1155_1422,0.644622088881127
2021_1155_1425,0.407059947204494
2021_1155_1429,0.496975173023559
2021_1155_1433,0.518522598550702
2021_1155_1437,0.403757252379842
2021_1155_1438,0.403726914139917
2021_1155_1439,0.504716902463744
2021_1155_1452,0.433935945748023
2021_1155_1455,0.578330511879771
2021_1155_1457,0.595958692202059
2021_1155_1458,0.408149142821383
2021_1156_1159,0.21853567351237
2021_1156_1160,0.1385382855154
2021_1156_1163,0.147949269220256
2021_1156_1166,0.144779806738396
2021_1156_1179,0.214241251713651
2021_1156_1180,0.444041633821011
2021_1156_1186,0.336875306188002
2021_1156_1196,0.169458333087454
2021_1156_1199,0.135365900118424
2021_1156_1207,0.227343549553084
2021_1156_1210,0.165193637515798
2021_1156_1211,0.115388792954117
2021_1156_1213,0.330113403683292
2021_1156_1216,0.592533335052948
2021_1156_1222,0.12086808542245
2021_1156_1228,0.118821127978407
2021_1156_1233,0.484622802994474
2021_1156_1234,0.12312870010146
2021_1156_1242,0.135871870620999
2021_1156_1251,0.347458388497885
2021_1156_1260,0.135603325272472
2021_1156_1261,0.148048724518002
2021_1156_1268,0.181046926154456
2021_1156_1276,0.118883271654155
2021_1156_1277,0.220019671883866
2021_1156_1281,0.184455738972134
2021_1156_1287,0.405919527574211
2021_1156_1291,0.63672513424421
2021_1156_1313,0.684786987473347
2021_1156_1314,0.147639354522733
2021_1156_1317,0.254189760732315
2021_1156_1325,0.281556520407315
2021_1156_1326,0.132683387582479
2021_1156_1328,0.169561891645883
2021_1156_1329,0.161320225289979
2021_1156_1331,0.485043677495232
2021_1156_1332,0.159419164757401
2021_1156_1333,0.257037887084117
2021_1156_1345,0.151991619884205
2021_1156_1353,0.176960692563355
2021_1156_1361,0.141848974305318
2021_1156_1364,0.249850699851347
2021_1156_1382,0.158322125405158
2021_1156_1393,0.182929759450782
2021_1156_1397,0.132087052109402
2021_1156_1400,0.142587059428269
2021_1156_1403,0.139353820145618
2021_1156_1411,0.680966464943695
2021_1156_1417,0.183681062759656
2021_1156_1422,0.294025127993096
2021_1156_1425,0.136163196683295
2021_1156_1429,0.184899898222577
2021_1156_1433,0.198249269839953
2021_1156_1437,0.134559641732302
2021_1156_1438,0.134544966527575
2021_1156_1439,0.189612699068335
2021_1156_1452,0.149668020126609
2021_1156_1455,0.239490807488607
2021_1156_1457,0.252987346585143
2021_1156_1458,0.136694643006394
2021_1159_1160,0.365536532804156
2021_1159_1163,0.383502952823331
2021_1159_1166,0.377523151432079
2021_1159_1179,0.494131102423664
2021_1159_1180,0.741023561218641
2021_1159_1186,0.645386344613988
2021_1159_1196,0.422284906723488
2021_1159_1199,0.359334329249717
2021_1159_1207,0.513171504600065
2021_1159_1210,0.414835479178881
2021_1159_1211,0.318478987564859
2021_1159_1213,0.638393490774179
2021_1159_1216,0.838961104580392
2021_1159_1222,0.33000447996068
2021_1159_1228,0.325727983993266
2021_1159_1233,0.771101656495891
2021_1159_1234,0.334687484444491
2021_1159_1242,0.360328574309069
2021_1159_1251,0.656072499416464
2021_1159_1260,0.359801115428518
2021_1159_1261,0.38368944845146
2021_1159_1268,0.441962750753567
2021_1159_1276,0.325858323498623
2021_1159_1277,0.502629645073974
2021_1159_1281,0.447599184951178
2021_1159_1287,0.709964278255992
2021_1159_1291,0.862622993900075
2021_1159_1313,0.886142448751852
2021_1159_1314,0.382921365165998
2021_1159_1317,0.549754864252747
2021_1159_1325,0.584024504613527
2021_1159_1326,0.354030795413626
2021_1159_1328,0.422464380139754
2021_1159_1329,0.407969152506409
2021_1159_1331,0.771398938249159
2021_1159_1332,0.40456357817196
2021_1159_1333,0.553457123093331
2021_1159_1345,0.391027620492844
2021_1159_1353,0.435116448738535
2021_1159_1361,0.371929813761712
2021_1159_1364,0.544050918203143
2021_1159_1382,0.402587533177413
2021_1159_1393,0.445084327236549
2021_1159_1397,0.352844350131972
2021_1159_1400,0.373344239812951
2021_1159_1403,0.367118876727816
2021_1159_1411,0.884350279347314
2021_1159_1417,0.446324176615003
2021_1159_1422,0.598725141297929
2021_1159_1425,0.360900165450722
2021_1159_1429,0.448328651377717
2021_1159_1433,0.469736499524897
2021_1159_1437,0.357746026326119
2021_1159_1438,0.357717071161661
2021_1159_1439,0.455999537785447
2021_1159_1452,0.386716182877699
2021_1159_1455,0.530112825661349
2021_1159_1457,0.548181965712978
2021_1159_1458,0.361941242774337
2021_1160_1163,0.519629268790694
2021_1160_1166,0.513294146262495
2021_1160_1179,0.629433430370077
2021_1160_1180,0.832654603629985
2021_1160_1186,0.759891340621638
2021_1160_1196,0.559679900901107
2021_1160_1199,0.493752612816767
2021_1160_1207,0.647019101435426
2021_1160_1210,0.552123104438907
2021_1160_1211,0.448308618931805
2021_1160_1213,0.754296848563595
2021_1160_1216,0.900588629742747
2021_1160_1222,0.461351963736028
2021_1160_1228,0.456533168048715
2021_1160_1233,0.854184599507496
2021_1160_1234,0.466600809010791
2021_1160_1242,0.494831518383205
2021_1160_1251,0.768365366306258
2021_1160_1260,0.494259302049904
2021_1160_1261,0.519826144644769
2021_1160_1268,0.579339740138429
2021_1160_1276,0.456680398461368
2021_1160_1277,0.63732724827938
2021_1160_1281,0.584891862512787
2021_1160_1287,0.809763504707385
2021_1160_1291,0.916100958587038
2021_1160_1313,0.931195062168901
2021_1160_1314,0.519015038737454
2021_1160_1317,0.67981983458749
2021_1160_1325,0.709422358737212
2021_1160_1326,0.487976251762518
2021_1160_1328,0.559861178935075
2021_1160_1329,0.5451011995009
2021_1160_1331,0.854394352580001
2021_1160_1332,0.541598110441701
2021_1160_1333,0.683069157468549
2021_1160_1345,0.52753933786493
2021_1160_1353,0.572548777510248
2021_1160_1361,0.507328701283582
2021_1160_1364,0.674788894067391
2021_1160_1382,0.539559253962489
2021_1160_1393,0.582418922793778
2021_1160_1397,0.486679115662233
2021_1160_1400,0.508840875632895
2021_1160_1403,0.502166678317072
2021_1160_1411,0.930056067635727
2021_1160_1417,0.583638969952261
2021_1160_1422,0.721802380432364
2021_1160_1425,0.495451214251781
2021_1160_1429,0.585607878404403
2021_1160_1433,0.606365829714173
2021_1160_1437,0.492026463661765
2021_1160_1438,0.491994965782327
2021_1160_1439,0.593102364626874
2021_1160_1452,0.523015444775357
2021_1160_1455,0.662367142606747
2021_1160_1457,0.678435535450976
2021_1160_1458,0.49657884676493
2021_1163_1166,0.494120734148243
2021_1163_1179,0.611371216317441
2021_1163_1180,0.821691778899561
2021_1163_1186,0.745618053655448
2021_1163_1196,0.540698703844178
2021_1163_1199,0.474597360678231
2021_1163_1207,0.629309243608817
2021_1163_1210,0.533087912770149
2021_1163_1211,0.429420915620547
2021_1163_1213,0.73980487035241
2021_1163_1216,0.893506990900741
2021_1163_1222,0.442355352838389
2021_1163_1228,0.437573789265479
2021_1163_1233,0.844368584335096
2021_1163_1234,0.447567653169856
2021_1163_1242,0.475673738423323
2021_1163_1251,0.75443303001801
2021_1163_1260,0.475102840596591
2021_1163_1261,0.50065972784744
2021_1163_1268,0.560540586013571
2021_1163_1276,0.437719829959352
2021_1163_1277,0.61941715226223
2021_1163_1281,0.566155021564328
2021_1163_1287,0.79766548201596
2021_1163_1291,0.910013937556768
2021_1163_1313,0.926114822499409
2021_1163_1314,0.499847396634563
2021_1163_1317,0.662898248959257
2021_1163_1325,0.693359587338345
2021_1163_1326,0.46883755944776
2021_1163_1328,0.540881385956621
2021_1163_1329,0.526023767315914
2021_1163_1331,0.844589888563912
2021_1163_1332,0.522502458215216
2021_1163_1333,0.66623498776868
2021_1163_1345,0.508389632378747
2021_1163_1353,0.553679941363028
2021_1163_1361,0.48815462587016
2021_1163_1364,0.657735286324904
2021_1163_1382,0.520453870830271
2021_1163_1393,0.563653733164534
2021_1163_1397,0.467544842745399
2021_1163_1400,0.489666451647892
2021_1163_1403,0.482996434083729
2021_1163_1411,0.924898512423778
2021_1163_1417,0.564887647095982
2021_1163_1422,0.706140486393195
2021_1163_1425,0.47629206286232
2021_1163_1429,0.566879423783481
2021_1163_1433,0.587915362858624
2021_1163_1437,0.472875625937826
2021_1163_1438,0.472844212841495
2021_1163_1439,0.574466496411097
2021_1163_1452,0.503854827326619
2021_1163_1455,0.645004835486363
2021_1163_1457,0.661477220299726
2021_1163_1458,0.477417350538979
2021_1166_1179,0.617381338561061
2021_1166_1180,0.82537832160673
2021_1166_1186,0.750399659329809
2021_1166_1196,0.546991931394852
2021_1166_1199,0.480926812295347
2021_1166_1207,0.635207480409037
2021_1166_1210,0.539396587785932
2021_1166_1211,0.43564744240421
2021_1166_1213,0.744658325906439
2021_1166_1216,0.895896859135966
2021_1166_1222,0.448621966433105
2021_1166_1228,0.443826577220238
2021_1166_1233,0.847673197002038
2021_1166_1234,0.453848010880295
2021_1166_1242,0.482004375769812
2021_1166_1251,0.759102474355249
2021_1166_1260,0.481432856379493
2021_1166_1261,0.507001352827248
2021_1166_1268,0.566779772386824
2021_1166_1276,0.443973057432817
2021_1166_1277,0.62537908966002
2021_1166_1281,0.572375306922117
2021_1166_1287,0.801728908122875
2021_1166_1291,0.912069819526949
2021_1166_1313,0.927832025045141
2021_1166_1314,0.506189162742854
2021_1166_1317,0.668543529675858
2021_1166_1325,0.698726586198503
2021_1166_1326,0.475159665395965
2021_1166_1328,0.547174206716168
2021_1166_1329,0.53234415766096
2021_1166_1331,0.847890648668307
2021_1166_1332,0.528827744935845
2021_1166_1333,0.671852050834819
2021_1166_1345,0.514728240070971
2021_1166_1353,0.559940063284999
2021_1166_1361,0.494494713784484
2021_1166_1364,0.663423129055528
2021_1166_1382,0.526781717213526
2021_1166_1393,0.569882635664984
2021_1166_1397,0.473865068294305
2021_1166_1400,0.49600714714771
2021_1166_1403,0.489333575495856
2021_1166_1411,0.926641744644439
2021_1166_1417,0.571112338130264
2021_1166_1422,0.711376905045487
2021_1166_1425,0.482623354723486
2021_1166_1429,0.57309715454583
2021_1166_1433,0.594047365628464
2021_1166_1437,0.479203058478351
2021_1166_1438,0.479171607144307
2021_1166_1439,0.580655880467359
2021_1166_1452,0.510195572499186
2021_1166_1455,0.650791914743408
2021_1166_1457,0.667134348806033
2021_1166_1458,0.48374978369749
2021_1179_1180,0.745854230937718
2021_1179_1186,0.651161146200865
2021_1179_1196,0.428475508235576
2021_1179_1199,0.365185436188822
2021_1179_1207,0.519496375207129
2021_1179_1210,0.420996455775214
2021_1179_1211,0.324001276223603
2021_1179_1213,0.644219392661307
2021_1179_1216,0.842353592801622
2021_1179_1222,0.335628197141988
2021_1179_1228,0.331314861973845
2021_1179_1233,0.775541224067134
2021_1179_1234,0.340350466379217
2021_1179_1242,0.366186617271122
2021_1179_1251,0.661764481048764
2021_1179_1260,0.36565548504882
2021_1179_1261,0.389695908350175
2021_1179_1268,0.448218014552781
2021_1179_1276,0.331446338133481
2021_1179_1277,0.508960422444453
2021_1179_1281,0.453869340137745
2021_1179_1287,0.715151594607919
2021_1179_1291,0.865596869910903
2021_1179_1313,0.888672893771358
2021_1179_1314,0.388923388841606
2021_1179_1317,0.556015654903177
2021_1179_1325,0.590164013101892
2021_1179_1326,0.359844049051631
2021_1179_1328,0.428655660500822
2021_1179_1329,0.414100317915008
2021_1179_1331,0.775834416122714
2021_1179_1332,0.410679065836826
2021_1179_1333,0.559707663284533
2021_1179_1345,0.397074944130781
2021_1179_1353,0.441351451073518
2021_1179_1361,0.377865050361384
2021_1179_1364,0.55032614788859
2021_1179_1382,0.408693652784943
2021_1179_1393,0.451348037817219
2021_1179_1397,0.358648938534075
2021_1179_1400,0.379288417033181
2021_1179_1403,0.373022937414467
2021_1179_1411,0.886915471791204
2021_1179_1417,0.452591104641467
2021_1179_1422,0.604794501568979
2021_1179_1425,0.366762173024378
2021_1179_1429,0.454600615735795
2021_1179_1433,0.476049517068841
2021_1179_1437,0.363585948008614
2021_1179_1438,0.363556787735483
2021_1179_1439,0.46228888913778
2021_1179_1452,0.392739830895968
2021_1179_1455,0.536416427791259
2021_1179_1457,0.554446901958307
2021_1179_1458,0.367810428396862
2021_1180_1186,0.38921219294631
2021_1180_1196,0.203778180928187
2021_1180_1199,0.164145727920894
2021_1180_1207,0.269581492064058
2021_1180_1210,0.198856569621167
2021_1180_1211,0.140612054156148
2021_1180_1213,0.382004938060404
2021_1180_1216,0.64590181550005
2021_1180_1222,0.147089929712021
2021_1180_1228,0.144671971786395
2021_1180_1233,0.541180771836771
2021_1180_1234,0.149757432177202
2021_1180_1242,0.164738775701942
2021_1180_1251,0.400446573012094
2021_1180_1260,0.164424032204093
2021_1180_1261,0.178966888173988
2021_1180_1268,0.217100277747448
2021_1180_1276,0.144745414655123
2021_1180_1277,0.261357184439394
2021_1180_1281,0.22100472593967
2021_1180_1287,0.461517608335082
2021_1180_1291,0.687359520570073
2021_1180_1313,0.731546769942139
2021_1180_1314,0.178489937439046
2021_1180_1317,0.299482186864767
2021_1180_1325,0.329570433012589
2021_1180_1326,0.16099908953599
2021_1180_1328,0.203897563912108
2021_1180_1329,0.194377624968572
2021_1180_1331,0.541599147244845
2021_1180_1332,0.192176267756786
2021_1180_1333,0.302631875478842
2021_1180_1345,0.183555799159124
2021_1180_1353,0.212411374502385
2021_1180_1361,0.171733385620465
2021_1180_1364,0.294675454112369
2021_1180_1382,0.190905005845366
2021_1180_1393,0.219257671545561
2021_1180_1397,0.160299012213565
2021_1180_1400,0.172595694238392
2021_1180_1403,0.168815968947686
2021_1180_1411,0.728067938051267
2021_1180_1417,0.220117981150688
2021_1180_1422,0.343149744180836
2021_1180_1425,0.165080171907817
2021_1180_1429,0.221512988972608
2021_1180_1433,0.236738000316724
2021_1180_1437,0.163200407870195
2021_1180_1438,0.16318319804458
2021_1180_1439,0.226899221478988
2021_1180_1452,0.180852566966342
2021_1180_1455,0.283158508894074
2021_1180_1457,0.298151172811067
2021_1180_1458,0.165702831831459
2021_1186_1196,0.286923997631564
2021_1186_1199,0.235911921064339
2021_1186_1207,0.367194407211362
2021_1186_1210,0.280702213315329
2021_1186_1211,0.204607755939562
2021_1186_1213,0.492857531598519
2021_1186_1216,0.741455704381269
2021_1186_1222,0.21330210131445
2021_1186_1228,0.210063777615939
2021_1186_1233,0.649666179309
2021_1186_1234,0.216865059940529
2021_1186_1242,0.236690832618521
2021_1186_1251,0.51221516436952
2021_1186_1260,0.236277507298179
2021_1186_1261,0.255234339285185
2021_1186_1268,0.303609094390036
2021_1186_1276,0.210162260072448
2021_1186_1277,0.3574494906317
2021_1186_1281,0.308456382307014
2021_1186_1287,0.574012342309208
2021_1186_1291,0.775612520066552
2021_1186_1313,0.810760541952578
2021_1186_1314,0.254617166967138
2021_1186_1317,0.401963682649701
2021_1186_1325,0.435940629681557
2021_1186_1326,0.23177101483518
2021_1186_1328,0.287074528927348
2021_1186_1329,0.275012629349601
2021_1186_1331,0.650049599631114
2021_1186_1332,0.272206624753153
2021_1186_1333,0.405567179350715
2021_1186_1345,0.261156795049629
2021_1186_1353,0.297762401102125
2021_1186_1361,0.245841266997788
2021_1186_1364,0.396442970394508
2021_1186_1382,0.270583282212964
2021_1186_1393,0.306289831080509
2021_1186_1397,0.230847871168656
2021_1186_1400,0.246964733994447
2021_1186_1403,0.242032786432918
2021_1186_1411,0.808038863299171
2021_1186_1417,0.307357196114607
2021_1186_1422,0.450954706866667
2021_1186_1425,0.237139004833794
2021_1186_1429,0.309085965850003
2021_1186_1433,0.327795605389018
2021_1186_1437,0.234669334000263
2021_1186_1438,0.234646700947404
2021_1186_1439,0.315737954905333
2021_1186_1452,0.257671410646791
2021_1186_1455,0.383109003946171
2021_1186_1457,0.400437560480379
2021_1186_1458,0.237955997718841
2021_1196_1199,0.434625470667959
2021_1196_1207,0.590963291872456
2021_1196_1210,0.492810434563166
2021_1196_1211,0.390426501748794
2021_1196_1213,0.707577814605488
2021_1196_1216,0.877155958606544
2021_1196_1222,0.403016010361884
2021_1196_1228,0.398355912380387
2021_1196_1233,0.821976027796134
2021_1196_1234,0.408104006167399
2021_1196_1242,0.435686368338825
2021_1196_1251,0.723340230171729
2021_1196_1260,0.435123635359772
2021_1196_1261,0.460416335978412
2021_1196_1268,0.520501169368402
2021_1196_1276,0.398498138075092
2021_1196_1277,0.580729668423106
2021_1196_1281,0.526194757322982
2021_1196_1287,0.770380569889381
2021_1196_1291,0.895902116179928
2021_1196_1313,0.914290163429635
2021_1196_1314,0.459609200162649
2021_1196_1317,0.625961723033315
2021_1196_1325,0.658038971653261
2021_1196_1326,0.428954720165328
2021_1196_1328,0.500646451119739
2021_1196_1329,0.485724784130544
2021_1196_1331,0.822222469609169
2021_1196_1332,0.482198795055398
2021_1196_1333,0.629459706485262
2021_1196_1345,0.468107377028687
2021_1196_1353,0.51355789502532
2021_1196_1361,0.448014552386646
2021_1196_1364,0.620556862865244
2021_1196_1382,0.480149330107279
2021_1196_1393,0.523656921541051
2021_1196_1397,0.427683427038454
2021_1196_1400,0.449511238729733
2021_1196_1403,0.442913482107137
2021_1196_1411,0.912897501870888
2021_1196_1417,0.524908606628109
2021_1196_1422,0.671594761137444
2021_1196_1425,0.436295965865163
2021_1196_1429,0.526930129844408
2021_1196_1433,0.548360503039989
2021_1196_1437,0.432929258244309
2021_1196_1438,0.432898319498105
2021_1196_1439,0.534642529229501
2021_1196_1452,0.46359304967956
2021_1196_1455,0.607269258598202
2021_1196_1457,0.624473195797367
2021_1196_1458,0.437405681669956
2021_1199_1207,0.653124740302934
2021_1199_1210,0.558750769728842
2021_1199_1211,0.45495598126839
2021_1199_1213,0.759237361857421
2021_1199_1216,0.902965969301229
2021_1199_1222,0.468028655058789
2021_1199_1228,0.463200091278784
2021_1199_1233,0.857496057888142
2021_1199_1234,0.473286717733229
2021_1199_1242,0.501541587137452
2021_1199_1251,0.773108086296654
2021_1199_1260,0.500969306304461
2021_1199_1261,0.526521886666419
2021_1199_1268,0.585866747595422
2021_1199_1276,0.463347638658526
2021_1199_1277,0.643508163145799
2021_1199_1281,0.591393482093718
2021_1199_1287,0.813863934818705
2021_1199_1291,0.918141052589303
2021_1199_1313,0.932895012184349
2021_1199_1314,0.525711771574628
2021_1199_1317,0.685633772643099
2021_1199_1325,0.714924173317085
2021_1199_1326,0.494684391266915
2021_1199_1328,0.566464249766051
2021_1199_1329,0.551748413469639
2021_1199_1331,0.857701841027247
2021_1199_1332,0.548254091144719
2021_1199_1333,0.688851098181612
2021_1199_1345,0.534223896526097
2021_1199_1353,0.579104602538817
2021_1199_1361,0.514035795376201
2021_1199_1364,0.680651271861112
2021_1199_1382,0.546220034866593
2021_1199_1393,0.588932053235126
2021_1199_1397,0.493386606116626
2021_1199_1400,0.515547041475905
2021_1199_1403,0.508876017062227
2021_1199_1411,0.931782097004689
2021_1199_1417,0.590146462150583
2021_1199_1422,0.727159941493925
2021_1199_1425,0.502161333028696
2021_1199_1429,0.592106104267994
2021_1199_1433,0.612753795408527
2021_1199_1437,0.49873604807637
2021_1199_1438,0.498704542359388
2021_1199_1439,0.599563429099603
2021_1199_1452,0.529706949070465
2021_1199_1455,0.668343384002157
2021_1199_1457,0.684262935588195
2021_1199_1458,0.503289003673808
2021_1207_1210,0.402548129497126
2021_1207_1211,0.307545686456148
2021_1207_1213,0.626574740910424
2021_1207_1216,0.831972313222245
2021_1207_1222,0.318860630969901
2021_1207_1228,0.314660724511929
2021_1207_1233,0.762003321306938
2021_1207_1234,0.323461842949609
2021_1207_1242,0.348693653998104
2021_1207_1251,0.644509810161931
2021_1207_1260,0.348173956358318
2021_1207_1261,0.371738574900488
2021_1207_1268,0.429461601313591
2021_1207_1276,0.314788702969976
2021_1207_1277,0.489919028375361
2021_1207_1281,0.435062902121223
2021_1207_1287,0.699383219723253
2021_1207_1291,0.856485424126956
2021_1207_1313,0.880910589065784
2021_1207_1314,0.370980014753853
2021_1207_1317,0.537139535651165
2021_1207_1325,0.571621169707865
2021_1207_1326,0.342490349975985
2021_1207_1328,0.410109431335667
2021_1207_1329,0.395747636407188
2021_1207_1331,0.762308777112402
2021_1207_1332,0.392376467157247
2021_1207_1333,0.540858892336579
2021_1207_1345,0.37898873416027
2021_1207_1353,0.422662277406606
2021_1207_1361,0.36013119051204
2021_1207_1364,0.531411993807279
2021_1207_1382,0.39042091783288
2021_1207_1393,0.432563324686437
2021_1207_1397,0.341322144257051
2021_1207_1400,0.36152657464543
2021_1207_1403,0.355386513407772
2021_1207_1411,0.879047308312688
2021_1207_1417,0.433795561079393
2021_1207_1422,0.586449754718705
2021_1207_1425,0.349256865764613
2021_1207_1429,0.435788055576496
2021_1207_1433,0.457093242869404
2021_1207_1437,0.346149370590456
2021_1207_1438,0.346120848202998
2021_1207_1439,0.443416837068421
2021_1207_1452,0.374728355498713
2021_1207_1455,0.51743023966971
2021_1207_1457,0.535559797918677
2021_1207_1458,0.350282764683319
2021_1210_1211,0.397735533089055
2021_1210_1213,0.713870983726585
2021_1210_1216,0.880416439003767
2021_1210_1222,0.410402048722697
2021_1210_1228,0.405714587526136
2021_1210_1233,0.82641123644388
2021_1210_1234,0.415518388951871
2021_1210_1242,0.44322661807654
2021_1210_1251,0.729423896031868
2021_1210_1260,0.442661785614845
2021_1210_1261,0.4680296102823
2021_1210_1268,0.528135523244007
2021_1210_1276,0.405857668187813
2021_1210_1277,0.588163826603988
2021_1210_1281,0.533819650670561
2021_1210_1287,0.775750517683538
2021_1210_1291,0.898722491242783
2021_1210_1313,0.9166586868322
2021_1210_1314,0.467220684581987
2021_1210_1317,0.633100570578419
2021_1210_1325,0.664893348176428
2021_1210_1326,0.436468576428777
2021_1210_1328,0.508298295855882
2021_1210_1329,0.493373897877079
2021_1210_1331,0.82665283333167
2021_1210_1332,0.489845271081839
2021_1210_1333,0.636570553597989
2021_1210_1345,0.475735699864837
2021_1210_1353,0.521201105910236
2021_1210_1361,0.455595906748538
2021_1210_1364,0.627737519230801
2021_1210_1382,0.487793922747835
2021_1210_1393,0.531286276332982
2021_1210_1397,0.435191985487264
2021_1210_1400,0.457096946921225
2021_1210_1403,0.450478962623731
2021_1210_1411,0.915300945145413
2021_1210_1417,0.532535810143076
2021_1210_1422,0.678310252778565
2021_1210_1425,0.443838467932445
2021_1210_1429,0.534553656943361
2021_1210_1433,0.555929723675342
2021_1210_1437,0.44045903531119
2021_1210_1438,0.440427976390842
2021_1210_1439,0.542249739081981
2021_1210_1452,0.471212979932083
2021_1210_1455,0.614545181187172
2021_1210_1457,0.631623734093389
2021_1210_1458,0.444952225167631
2021_1211_1213,0.791009137002037
2021_1211_1216,0.917823760652194
2021_1211_1222,0.513610629034988
2021_1211_1228,0.508761547881627
2021_1211_1233,0.878378410165602
2021_1211_1234,0.518881292552097
2021_1211_1242,0.547031162684423
2021_1211_1251,0.803523118561428
2021_1211_1260,0.546463880768271
2021_1211_1261,0.571678645787879
2021_1211_1268,0.629347978659587
2021_1211_1276,0.508909849306728
2021_1211_1277,0.684199626580926
2021_1211_1281,0.634656296649501
2021_1211_1287,0.839946669773734
2021_1211_1291,0.930853179774074
2021_1211_1313,0.943457052573575
2021_1211_1314,0.570882824015915
2021_1211_1317,0.723582279489808
2021_1211_1325,0.750622931337368
2021_1211_1326,0.54022608182051
2021_1211_1328,0.610628720479581
2021_1211_1329,0.596343744286326
2021_1211_1331,0.878558308786332
2021_1211_1332,0.592940586290202
2021_1211_1333,0.726566114384737
2021_1211_1345,0.579233115091782
2021_1211_1353,0.622838752486655
2021_1211_1361,0.559386853371542
2021_1211_1364,0.718954696265169
2021_1211_1382,0.590957620367236
2021_1211_1393,0.632293441439289
2021_1211_1397,0.538936245935092
2021_1211_1400,0.560877546049144
2021_1211_1403,0.554291079833588
2021_1211_1411,0.94250851044133
2021_1211_1417,0.633459476849137
2021_1211_1422,0.761836902183843
2021_1211_1425,0.5476453618135
2021_1211_1429,0.635339991522436
2021_1211_1433,0.655074068826098
2021_1211_1437,0.544248999533623
2021_1211_1438,0.544217740187085
2021_1211_1439,0.642484153260837
2021_1211_1452,0.574805249358916
2021_1211_1455,0.707488629051736
2021_1211_1457,0.72230990080568
2021_1211_1458,0.548762584507938
2021_1213_1216,0.747244606259799
2021_1213_1222,0.218451560021066
2021_1213_1228,0.21515643918439
2021_1213_1233,0.656558314862444
2021_1213_1234,0.222076252979924
2021_1213_1242,0.242231075116611
2021_1213_1251,0.519812715524705
2021_1213_1260,0.241811139947248
2021_1213_1261,0.26106018151286
2021_1213_1268,0.310079394691789
2021_1213_1276,0.215256658586603
2021_1213_1277,0.364466685692085
2021_1213_1281,0.314983260242686
2021_1213_1287,0.581433912760224
2021_1213_1291,0.780862670190277
2021_1213_1313,0.815384057803655
2021_1213_1314,0.260433848057232
2021_1213_1317,0.409298101846774
2021_1213_1325,0.443435317317051
2021_1213_1326,0.237231889336111
2021_1213_1328,0.293340886464362
2021_1213_1329,0.281119516255095
2021_1213_1331,0.656938175308048
2021_1213_1332,0.278275118571026
2021_1213_1333,0.412921950946737
2021_1213_1345,0.267069344183221
2021_1213_1353,0.304162522610039
2021_1213_1361,0.251525116399126
2021_1213_1364,0.403744663012443
2021_1213_1382,0.276629341408355
2021_1213_1393,0.312791600787892
2021_1213_1397,0.236293685131432
2021_1213_1400,0.252665855692919
2021_1213_1403,0.24765749911004
2021_1213_1411,0.812713514741854
2021_1213_1417,0.313871371863704
2021_1213_1422,0.458497701079196
2021_1213_1425,0.242686402419261
2021_1213_1429,0.315620085560759
2021_1213_1433,0.334533740470151
2021_1213_1437,0.240177147643678
2021_1213_1438,0.240154150070102
2021_1213_1439,0.3223470902345
2021_1213_1452,0.263533196603733
2021_1213_1455,0.390323932780074
2021_1213_1457,0.407763119992662
2021_1213_1458,0.243516406427094
2021_1216_1222,0.0865241764699278
2021_1216_1228,0.0850026117695565
2021_1216_1233,0.393141508334696
2021_1216_1234,0.0882069002041024
2021_1216_1242,0.0977387007719455
2021_1216_1251,0.268385801028175
2021_1216_1260,0.0975370170018247
2021_1216_1261,0.106920911707136
2021_1216_1268,0.132174418015766
2021_1216_1276,0.0850487754082304
2021_1216_1277,0.162717008877546
2021_1216_1281,0.134814522352411
2021_1216_1287,0.320068356984424
2021_1216_1291,0.547005898781668
2021_1216_1313,0.599470983183354
2021_1216_1314,0.106611033391929
2021_1216_1317,0.190157371092241
2021_1216_1325,0.212595356173403
2021_1216_1326,0.0953463448312279
2021_1216_1328,0.123322834324651
2021_1216_1329,0.117011968878618
2021_1216_1331,0.393543601652961
2021_1216_1332,0.115561108033199
2021_1216_1333,0.192473190272225
2021_1216_1345,0.10990978235009
2021_1216_1353,0.129017463600871
2021_1216_1361,0.102236767417762
2021_1216_1364,0.186637821236358
2021_1216_1382,0.114724685319408
2021_1216_1393,0.133631926755847
2021_1216_1397,0.0948994567211531
2021_1216_1400,0.102793427108259
2021_1216_1403,0.100356914401434
2021_1216_1411,0.595227622344987
2021_1216_1417,0.134214019045019
2021_1216_1422,0.222957783848072
2021_1216_1425,0.0979575331736586
2021_1216_1429,0.13515895837118
2021_1216_1433,0.145558446983068
2021_1216_1437,0.0967535204348771
2021_1216_1438,0.0967425074970588
2021_1216_1439,0.138819864796856
2021_1216_1452,0.108147471309062
2021_1216_1455,0.17827609815597
2021_1216_1457,0.189181021977792
2021_1216_1458,0.0983568409463532
2021_1222_1228,0.495611110614516
2021_1222_1233,0.872645759671402
2021_1222_1234,0.505738576307815
2021_1222_1242,0.533966766012502
2021_1222_1251,0.795085265327357
2021_1222_1260,0.533397078534782
2021_1222_1261,0.558751715631105
2021_1222_1268,0.61699547036025
2021_1222_1276,0.495759447318346
2021_1222_1277,0.672724520662233
2021_1222_1281,0.622374546578544
2021_1222_1287,0.832747459852019
2021_1222_1291,0.927389472506266
2021_1222_1313,0.940584400552716
2021_1222_1314,0.557950447678958
2021_1222_1317,0.71293780243536
2021_1222_1325,0.740646520888352
2021_1222_1326,0.527135074926193
2021_1222_1328,0.598050801388486
2021_1222_1329,0.583619032927132
2021_1222_1331,0.872832910213617
2021_1222_1332,0.580184118260757
2021_1222_1333,0.715991440804
2021_1222_1345,0.566361238094928
2021_1222_1353,0.610403604477136
2021_1222_1361,0.546383310844476
2021_1222_1364,0.70820387998794
2021_1222_1382,0.578183217925845
2021_1222_1393,0.619979821728837
2021_1222_1397,0.525840747750813
2021_1222_1400,0.54788243989003
2021_1222_1403,0.541260478766341
2021_1222_1411,0.939590753566173
2021_1222_1417,0.621161509440074
2021_1222_1422,0.752160986399505
2021_1222_1425,0.534583608079287
2021_1222_1429,0.623067574789723
2021_1222_1433,0.643092705591227
2021_1222_1437,0.531173131310189
2021_1222_1438,0.531141747728868
2021_1222_1439,0.630312267656048
2021_1222_1452,0.561900367991965
2021_1222_1455,0.69648436680097
2021_1222_1457,0.71163595281098
2021_1222_1458,0.535705740690465
2021_1228_1233,0.874786918011352
2021_1228_1234,0.510588792407933
2021_1228_1242,0.538792591348747
2021_1228_1251,0.798228912069004
2021_1228_1260,0.538223701419358
2021_1228_1261,0.563530678866101
2021_1228_1268,0.621570855406877
2021_1228_1276,0.500610892861317
2021_1228_1277,0.676982701829485
2021_1228_1281,0.626924527931399
2021_1228_1287,0.835432911876229
2021_1228_1291,0.928685461561891
2021_1228_1313,0.941659695390415
2021_1228_1314,0.562731297710701
2021_1228_1317,0.716892956581684
2021_1228_1325,0.744356797875164
2021_1228_1326,0.531969635886742
2021_1228_1328,0.602706773117192
2021_1228_1329,0.588327101937733
2021_1228_1331,0.874971372877348
2021_1228_1332,0.584903402191417
2021_1228_1333,0.719921050316961
2021_1228_1345,0.571121045222386
2021_1228_1353,0.615008600022997
2021_1228_1361,0.551188631480475
2021_1228_1364,0.712197928304588
2021_1228_1382,0.582908824694189
2021_1228_1393,0.624541250328082
2021_1228_1397,0.530676760016888
2021_1228_1400,0.552684881078447
2021_1228_1403,0.546074982557341
2021_1228_1411,0.940682897207952
2021_1228_1417,0.625717316962934
2021_1228_1422,0.755760859266396
2021_1228_1425,0.539408555678372
2021_1228_1429,0.627614202105103
2021_1228_1433,0.647534427692376
2021_1228_1437,0.536002747342404
2021_1228_1438,0.535971404628499
2021_1228_1439,0.634822725205909
2021_1228_1452,0.566671676405861
2021_1228_1455,0.70057100622496
2021_1228_1457,0.715601888667152
2021_1228_1458,0.540529053760569
2021_1233_1234,0.130136578748274
2021_1233_1242,0.143486347181018
2021_1233_1251,0.361963613089901
2021_1233_1260,0.143205246194019
2021_1233_1261,0.156222241198312
2021_1233_1268,0.190634572683991
2021_1233_1276,0.125684154709834
2021_1233_1277,0.231088812437223
2021_1233_1281,0.194181102178274
2021_1233_1287,0.42128965264719
2021_1233_1291,0.651254183937673
2021_1233_1313,0.698304612023079
2021_1233_1314,0.15579440350997
2021_1233_1317,0.266390860962352
2021_1233_1325,0.294552425863337
2021_1233_1326,0.14014815682784
2021_1233_1328,0.178674024033399
2021_1233_1329,0.170080166127312
2021_1233_1331,0.500883806631301
2021_1233_1332,0.168096565530241
2021_1233_1333,0.269326328702979
2021_1233_1345,0.16034184841804
2021_1233_1353,0.186381193506437
2021_1233_1361,0.149740372667548
2021_1233_1364,0.261916668083738
2021_1233_1382,0.166951672785775
2021_1233_1393,0.192593666070765
2021_1233_1397,0.139523668615638
2021_1233_1400,0.150512317410077
2021_1233_1403,0.147130206352524
2021_1233_1411,0.694574854230335
2021_1233_1417,0.193375266162536
2021_1233_1422,0.307350344668877
2021_1233_1425,0.143791282904886
2021_1233_1429,0.194643090442135
2021_1233_1433,0.208515948617645
2021_1233_1437,0.142112673023857
2021_1233_1438,0.142097309328873
2021_1233_1439,0.19954343425327
2021_1233_1452,0.157914364781463
2021_1233_1455,0.251224020673963
2021_1233_1457,0.265151250172137
2021_1233_1458,0.144347526727118
2021_1234_1242,0.528711260533076
2021_1234_1251,0.791625298797173
2021_1234_1260,0.528140825807391
2021_1234_1261,0.553542016224382
2021_1234_1268,0.611995913898292
2021_1234_1276,0.490484211880442
2021_1234_1277,0.668061056237062
2021_1234_1281,0.617401665187926
2021_1234_1287,0.82978727699933
2021_1234_1291,0.925955407927442
2021_1234_1313,0.93939390640047
2021_1234_1314,0.552738860599516
2021_1234_1317,0.708599141895232
2021_1234_1325,0.736571908749361
2021_1234_1326,0.52187151299851
2021_1234_1328,0.592967090982527
2021_1234_1329,0.57848144406325
2021_1234_1331,0.870471842163024
2021_1234_1332,0.575035007973891
2021_1234_1333,0.711680268324513
2021_1234_1345,0.561170821438512
2021_1234_1353,0.605373036196681
2021_1234_1361,0.541147502659699
2021_1234_1364,0.703823394400676
2021_1234_1382,0.573027626892841
2021_1234_1393,0.614994912835055
2021_1234_1397,0.520575881807143
2021_1234_1400,0.542649451296435
2021_1234_1403,0.536015753357536
2021_1234_1411,0.938381654261408
2021_1234_1417,0.616182505090131
2021_1234_1422,0.748205774349712
2021_1234_1425,0.529328927177439
2021_1234_1429,0.618098219638811
2021_1234_1433,0.638234068607869
2021_1234_1437,0.525914092852097
2021_1234_1438,0.525882671456126
2021_1234_1439,0.625380997848143
2021_1234_1452,0.556698349795673
2021_1234_1455,0.692004459751144
2021_1234_1457,0.707285694642747
2021_1234_1458,0.530452601093088
2021_1242_1251,0.772350083171012
2021_1242_1260,0.499890260911596
2021_1242_1261,0.525445754590382
2021_1242_1268,0.584819138018122
2021_1242_1276,0.462274561820408
2021_1242_1277,0.642517394487462
2021_1242_1281,0.590350077617909
2021_1242_1287,0.813209192233761
2021_1242_1291,0.917816070374426
2021_1242_1313,0.932624305292812
2021_1242_1314,0.524635460601212
2021_1242_1317,0.684702716832144
2021_1242_1325,0.714043686300339
2021_1242_1326,0.493605493043124
2021_1242_1328,0.565403967376205
2021_1242_1329,0.550680688344021
2021_1242_1331,0.857174239343725
2021_1242_1332,0.547184873561728
2021_1242_1333,0.687925233978122
2021_1242_1345,0.533149748356775
2021_1242_1353,0.578052206945297
2021_1242_1361,0.512957535423107
2021_1242_1364,0.679712352846726
2021_1242_1382,0.545149997085362
2021_1242_1393,0.587886743340064
2021_1242_1397,0.492307780754172
2021_1242_1400,0.514468967465222
2021_1242_1403,0.507797270845706
2021_1242_1411,0.931507230148025
2021_1242_1417,0.589102085798875
2021_1242_1422,0.726302778091687
2021_1242_1425,0.501082298191384
2021_1242_1429,0.591063261215084
2021_1242_1433,0.611729125201759
2021_1242_1437,0.497657015924639
2021_1242_1438,0.497625510702425
2021_1242_1439,0.598526724415255
2021_1242_1452,0.528631575292519
2021_1242_1455,0.667385961758865
2021_1242_1457,0.683329694951355
2021_1242_1458,0.502209990112926
2021_1251_1260,0.227898141489277
2021_1251_1261,0.246399586445195
2021_1251_1268,0.293760345892279
2021_1251_1276,0.202463523537703
2021_1251_1277,0.346723789333491
2021_1251_1281,0.298517796531376
2021_1251_1287,0.562476841656305
2021_1251_1291,0.767323335447039
2021_1251_1313,0.803440723297682
2021_1251_1314,0.245796726630507
2021_1251_1317,0.390714477228665
2021_1251_1325,0.424415370322761
2021_1251_1326,0.22350469646432
2021_1251_1328,0.277548374767872
2021_1251_1329,0.265737539278334
2021_1251_1331,0.639279199111103
2021_1251_1332,0.262991840776934
2021_1251_1333,0.394283615367764
2021_1251_1345,0.252186456613711
2021_1251_1353,0.288024870098491
2021_1251_1361,0.237228084445682
2021_1251_1364,0.385248737900148
2021_1251_1382,0.261403714028252
2021_1251_1393,0.296391133550046
2021_1251_1397,0.222604937137649
2021_1251_1400,0.238324628874939
2021_1251_1403,0.233511721186275
2021_1251_1411,0.800639655989337
2021_1251_1417,0.297438793736174
2021_1251_1422,0.439341681723296
2021_1251_1425,0.228738237327018
2021_1251_1429,0.299135869362218
2021_1251_1433,0.317520004562675
2021_1251_1437,0.226330098966696
2021_1251_1438,0.226308032375989
2021_1251_1439,0.305668455983465
2021_1251_1452,0.248780478987982
2021_1251_1455,0.372059182893067
2021_1251_1457,0.38920326912331
2021_1251_1458,0.229534996219203
2021_1260_1261,0.526016523412206
2021_1260_1268,0.585374845667271
2021_1260_1276,0.462843637298923
2021_1260_1277,0.643043012125151
2021_1260_1281,0.590903560860059
2021_1260_1287,0.813556663021414
2021_1260_1291,0.917988574374988
2021_1260_1313,0.932768003678309
2021_1260_1314,0.525206323370784
2021_1260_1317,0.685196698102071
2021_1260_1325,0.714510865522869
2021_1260_1326,0.494177692070327
2021_1260_1328,0.565966375233627
2021_1260_1329,0.551247027171714
2021_1260_1331,0.857454261568062
2021_1260_1332,0.547751999995695
2021_1260_1333,0.688416463991973
2021_1260_1345,0.533719473831148
2021_1260_1353,0.578610445697918
2021_1260_1361,0.513529418372843
2021_1260_1364,0.680210500987315
2021_1260_1382,0.545717556222427
2021_1260_1393,0.5884412345618
2021_1260_1397,0.492879939633857
2021_1260_1400,0.51504075354725
2021_1260_1403,0.508369405713584
2021_1260_1411,0.931653136423711
2021_1260_1417,0.589656083180657
2021_1260_1422,0.726757593280245
2021_1260_1425,0.501654578345698
2021_1260_1429,0.591616447444669
2021_1260_1433,0.612272694223251
2021_1260_1437,0.498229290681176
2021_1260_1438,0.49819778516001
2021_1260_1439,0.599076662802212
2021_1260_1452,0.529201945603897
2021_1260_1455,0.667893914201952
2021_1260_1457,0.683824834026818
2021_1260_1458,0.502782260291134
2021_1261_1268,0.560346284757043
2021_1261_1276,0.437525716034051
2021_1261_1277,0.61923119960812
2021_1261_1281,0.565961280520317
2021_1261_1287,0.797538154640188
2021_1261_1291,0.909949328589732
2021_1261_1313,0.926060834506985
2021_1261_1314,0.499650213869911
2021_1261_1317,0.662721973149329
2021_1261_1325,0.693191867980839
2021_1261_1326,0.468641147403658
2021_1261_1328,0.540685515030934
2021_1261_1329,0.525827114630263
2021_1261_1331,0.844486333286236
2021_1261_1332,0.522305671298248
2021_1261_1333,0.666059577817951
2021_1261_1345,0.508192503783143
2021_1261_1353,0.553485023061127
2021_1261_1361,0.487957555573754
2021_1261_1364,0.657557705389804
2021_1261_1382,0.520257014821969
2021_1261_1393,0.563459736397447
2021_1261_1397,0.467348495764781
2021_1261_1400,0.489469354670029
2021_1261_1403,0.482799481957309
2021_1261_1411,0.924843707796856
2021_1261_1417,0.564693775246357
2021_1261_1422,0.705976793237653
2021_1261_1425,0.476095327053596
2021_1261_1429,0.56668575864316
2021_1261_1433,0.587724262991925
2021_1261_1437,0.472679027631606
2021_1261_1438,0.47264761588499
2021_1261_1439,0.574273675998223
2021_1261_1452,0.503657655640684
2021_1261_1455,0.644824216202307
2021_1261_1457,0.66130058107792
2021_1261_1458,0.477220573471188
2021_1268_1276,0.379439649672758
2021_1268_1277,0.56108557455884
2021_1268_1281,0.506168324800684
2021_1268_1287,0.75588703577541
2021_1268_1291,0.888181492477942
2021_1268_1313,0.907792963296685
2021_1268_1314,0.439764834962335
2021_1268_1317,0.607002721932639
2021_1268_1325,0.63977019838045
2021_1268_1326,0.40943110901252
2021_1268_1328,0.480606061967586
2021_1268_1329,0.465724620088815
2021_1268_1331,0.81019497476163
2021_1268_1332,0.462213328686229
2021_1268_1333,0.610567702260813
2021_1268_1345,0.448200415055526
2021_1268_1353,0.493511459291914
2021_1268_1361,0.428274052037343
2021_1268_1364,0.601498311781476
2021_1268_1382,0.460173317361672
2021_1268_1393,0.503624410241288
2021_1268_1397,0.408176318858184
2021_1268_1400,0.429756135296838
2021_1268_1403,0.423225411871906
2021_1268_1411,0.90630555017939
2021_1268_1417,0.504878963830094
2021_1268_1422,0.653669035105275
2021_1268_1425,0.416682033072021
2021_1268_1429,0.506905652552696
2021_1268_1433,0.528431331727671
2021_1268_1437,0.413355693372264
2021_1268_1438,0.413325133872209
2021_1268_1439,0.5146438088353
2021_1268_1452,0.443717913014911
2021_1268_1455,0.587986420315442
2021_1268_1457,0.605486297415312
2021_1268_1458,0.417778834471567
2021_1276_1277,0.676852927165797
2021_1276_1281,0.626785729161447
2021_1276_1287,0.83535131341576
2021_1276_1291,0.928646152003978
2021_1276_1313,0.941627087893926
2021_1276_1314,0.562585279649229
2021_1276_1317,0.716772507960126
2021_1276_1325,0.744243865273643
2021_1276_1326,0.531821891816129
2021_1276_1328,0.602564676201851
2021_1276_1329,0.588183376101889
2021_1276_1331,0.874906443550868
2021_1276_1332,0.584759324696041
2021_1276_1333,0.719801386467815
2021_1276_1345,0.570975692832653
2021_1276_1353,0.614868091455986
2021_1276_1361,0.551041834122073
2021_1276_1364,0.712076284426262
2021_1276_1382,0.582764548743011
2021_1276_1393,0.624402096101362
2021_1276_1397,0.530528967997631
2021_1276_1400,0.552538175817833
2021_1276_1403,0.545927890500273
2021_1276_1411,0.940649778170324
2021_1276_1417,0.625578337299407
2021_1276_1422,0.755651310744077
2021_1276_1425,0.539261126039697
2021_1276_1429,0.627475507455302
2021_1276_1433,0.647398984077285
2021_1276_1437,0.535855165593999
2021_1276_1438,0.535823821544201
2021_1276_1439,0.634685152619396
2021_1276_1452,0.56652596058305
2021_1276_1455,0.700446515025843
2021_1276_1457,0.715481108757696
2021_1276_1458,0.54038167717514
2021_1277_1281,0.445456849934939
2021_1277_1287,0.708176061473056
2021_1277_1291,0.861592504820553
2021_1277_1313,0.885264917631579
2021_1277_1314,0.380875153359408
2021_1277_1317,0.547608287233747
2021_1277_1325,0.581917059508744
2021_1277_1326,0.352050888858616
2021_1277_1328,0.420350803062011
2021_1277_1329,0.405877130007702
2021_1277_1331,0.769866717912547
2021_1277_1332,0.402477147031511
2021_1277_1333,0.551313791051396
2021_1277_1345,0.388965395739937
2021_1277_1353,0.432987029127887
2021_1277_1361,0.369907128485164
2021_1277_1364,0.541899807425668
2021_1277_1382,0.400504438311719
2021_1277_1393,0.442944377275962
2021_1277_1397,0.350867474754034
2021_1277_1400,0.371318410027378
2021_1277_1403,0.365107145723446
2021_1277_1411,0.883460752044351
2021_1277_1417,0.444183037114852
2021_1277_1422,0.596640735435882
2021_1277_1425,0.358903186654635
2021_1277_1429,0.44618564503211
2021_1277_1433,0.467577894718723
2021_1277_1437,0.355756785215577
2021_1277_1438,0.355727901879485
2021_1277_1439,0.453850029759713
2021_1277_1452,0.384662333452247
2021_1277_1455,0.527953011935072
2021_1277_1457,0.546034082088513
2021_1277_1458,0.35994174774517
2021_1281_1287,0.7516508843145
2021_1281_1291,0.885894524039776
2021_1281_1313,0.905864586888097
2021_1281_1314,0.434149519588187
2021_1281_1317,0.601544866474836
2021_1281_1325,0.634493391447461
2021_1281_1326,0.403923862214707
2021_1281_1328,0.474911322461748
2021_1281_1329,0.460050027514749
2021_1281_1331,0.806660191463945
2021_1281_1332,0.456544960522432
2021_1281_1333,0.605127148982554
2021_1281_1345,0.442562475445405
2021_1281_1353,0.48780742025881
2021_1281_1361,0.422694758280943
2021_1281_1364,0.596014888936465
2021_1281_1382,0.4545088232693
2021_1281_1393,0.497918393410743
2021_1281_1397,0.402674441984966
2021_1281_1400,0.424171858511438
2021_1281_1403,0.417663841220605
2021_1281_1411,0.904349344317499
2021_1281_1417,0.499173027105623
2021_1281_1422,0.64848396032691
2021_1281_1425,0.41114515458648
2021_1281_1429,0.501199997047249
2021_1281_1433,0.522740243212444
2021_1281_1437,0.407832112190151
2021_1281_1438,0.407801677181467
2021_1281_1439,0.508940952453722
2021_1281_1452,0.438091592659794
2021_1281_1455,0.582446139677299
2021_1281_1457,0.600021259330693
2021_1281_1458,0.412237681510581
2021_1287_1291,0.719884415168005
2021_1287_1313,0.761072636999243
2021_1287_1314,0.202534684534667
2021_1287_1317,0.333214920863381
2021_1287_1325,0.36492672816362
2021_1287_1326,0.183213094257819
2021_1287_1328,0.230405072252215
2021_1287_1329,0.219989501094256
2021_1287_1331,0.580022776480188
2021_1287_1332,0.217576422174998
2021_1287_1333,0.336548938291679
2021_1287_1345,0.208110100781691
2021_1287_1353,0.239692465641601
2021_1287_1361,0.195084086390912
2021_1287_1364,0.328120370058819
2021_1287_1382,0.216182101157686
2021_1287_1393,0.247142145535468
2021_1287_1397,0.182437427040399
2021_1287_1400,0.19603589301335
2021_1287_1403,0.191861875379485
2021_1287_1411,0.75784977345861
2021_1287_1417,0.248077101572142
2021_1287_1422,0.379138989508993
2021_1287_1425,0.187731272999728
2021_1287_1429,0.249592593202303
2021_1287_1433,0.266087904852189
2021_1287_1437,0.185650933609417
2021_1287_1438,0.185631881514384
2021_1287_1439,0.255437567446279
2021_1287_1452,0.205136113604808
2021_1287_1455,0.315881689132198
2021_1287_1457,0.331804996774395
2021_1287_1458,0.188420088871642
2021_1291_1313,0.553922246466107
2021_1291_1314,0.0900876369068141
2021_1291_1317,0.163048523904848
2021_1291_1325,0.183010613683446
2021_1291_1326,0.0804116932870308
2021_1291_1328,0.104512317895523
2021_1291_1329,0.09905528934436
2021_1291_1331,0.349969956685129
2021_1291_1332,0.0978024165693572
2021_1291_1333,0.165101505620258
2021_1291_1345,0.0929283011001249
2021_1291_1353,0.109446780583291
2021_1291_1361,0.0863258190298971
2021_1291_1364,0.159931633833694
2021_1291_1382,0.0970804211830735
2021_1291_1393,0.113452451504286
2021_1291_1397,0.0800286115447808
2021_1291_1400,0.0868042230494277
2021_1291_1403,0.0847109194312296
2021_1291_1411,0.549558919796313
2021_1291_1417,0.113958205310033
2021_1291_1422,0.192283150032424
2021_1291_1425,0.08265124373329
2021_1291_1429,0.114779439165067
2021_1291_1433,0.123835401069218
2021_1291_1437,0.0816183406838034
2021_1291_1438,0.0816088948506879
2021_1291_1439,0.117963639441283
2021_1291_1452,0.0914103109001379
2021_1291_1455,0.152542002682415
2021_1291_1457,0.162183488559142
2021_1291_1458,0.0829938985575474
2021_1313_1314,0.0739700549019755
2021_1313_1317,0.135826042579292
2021_1313_1325,0.153064799632949
2021_1313_1326,0.0658998590887564
2021_1313_1328,0.086058096250139
2021_1313_1329,0.0814769686205261
2021_1313_1331,0.302831171350175
2021_1313_1332,0.0804265826496313
2021_1313_1333,0.137592609317532
2021_1313_1345,0.0763451376596941
2021_1313_1353,0.090209030630048
2021_1313_1361,0.0708288746048058
2021_1313_1364,0.133146759463372
2021_1313_1382,0.079821510088429
2021_1313_1393,0.0935846038523082
2021_1313_1397,0.0655809814387308
2021_1313_1400,0.0712280921597146
2021_1313_1403,0.0694818307443071
2021_1313_1411,0.496052041483678
2021_1313_1417,0.0940111817118139
2021_1313_1422,0.161119300894462
2021_1313_1425,0.0677650231761922
2021_1313_1429,0.0947040327124354
2021_1313_1433,0.102359220236543
2021_1313_1437,0.0669045871021043
2021_1313_1438,0.0668967200785737
2021_1313_1439,0.097392576798149
2021_1313_1452,0.0750756140596264
2021_1313_1455,0.126807907635735
2021_1313_1457,0.135082123002377
2021_1313_1458,0.0680505409731013
2021_1314_1317,0.663447883199807
2021_1314_1325,0.693882490512651
2021_1314_1326,0.469450365432617
2021_1314_1328,0.541492360609934
2021_1314_1329,0.52663721010398
2021_1314_1331,0.844912587111606
2021_1314_1332,0.523116326750938
2021_1314_1333,0.666781916301193
2021_1314_1345,0.509004594965712
2021_1314_1353,0.554287919241536
2021_1314_1361,0.488769447010228
2021_1314_1364,0.658288999278729
2021_1314_1382,0.521067958981048
2021_1314_1393,0.564258817037013
2021_1314_1397,0.468157448305407
2021_1314_1400,0.490281353008226
2021_1314_1403,0.48361089685529
2021_1314_1411,0.925069249855038
2021_1314_1417,0.565492338921588
2021_1314_1422,0.706650815781824
2021_1314_1425,0.476905864125049
2021_1314_1429,0.567483466967968
2021_1314_1433,0.588511364198965
2021_1314_1437,0.473489005012289
2021_1314_1438,0.473457587767514
2021_1314_1439,0.575067890059133
2021_1314_1452,0.504469933401689
2021_1314_1455,0.645568045570133
2021_1314_1457,0.662027990213851
2021_1314_1458,0.47803127828209
2021_1317_1325,0.535312729231426
2021_1317_1326,0.310197090954208
2021_1317_1328,0.375077469863506
2021_1317_1329,0.361191302195152
2021_1317_1331,0.734660267737536
2021_1317_1332,0.357940126390681
2021_1317_1333,0.504204586930757
2021_1317_1345,0.345060109250709
2021_1317_1353,0.387261986731305
2021_1317_1361,0.327001823395534
2021_1317_1364,0.4947080941702
2021_1317_1382,0.356055633508183
2021_1317_1393,0.396903865297916
2021_1317_1397,0.3090872548458
2021_1317_1400,0.328334710289877
2021_1317_1403,0.322473651535827
2021_1317_1411,0.862529160484647
2021_1317_1417,0.398105788065922
2021_1317_1422,0.550409626458528
2021_1317_1425,0.316632838379648
2021_1317_1429,0.400050177141092
2021_1317_1433,0.420911608951022
2021_1317_1437,0.313675695579453
2021_1317_1438,0.313648565425775
2021_1317_1439,0.407505196939301
2021_1317_1452,0.340971722507679
2021_1317_1455,0.480701375909159
2021_1317_1457,0.498874414645232
2021_1317_1458,0.317609679749349
2021_1325_1326,0.281135861256785
2021_1325_1328,0.342959929260473
2021_1325_1329,0.329635613334103
2021_1325_1331,0.706565376377232
2021_1325_1332,0.326523292587245
2021_1325_1333,0.469334150778095
2021_1325_1345,0.314220512279242
2021_1325_1353,0.354693280724107
2021_1325_1361,0.29704417956825
2021_1325_1364,0.459885227559845
2021_1325_1382,0.324720551046698
2021_1325_1393,0.364005993901666
2021_1325_1397,0.280087782987674
2021_1325_1400,0.298309082270376
2021_1325_1403,0.292750394526017
2021_1325_1411,0.845119063060279
2021_1325_1417,0.365168614442145
2021_1325_1422,0.515667268693604
2021_1325_1425,0.287219719534968
2021_1325_1429,0.367050236677155
2021_1325_1433,0.387301725314851
2021_1325_1437,0.284422943913924
2021_1325_1438,0.284397295445371
2021_1325_1439,0.37427393405776
2021_1325_1452,0.310324390112236
2021_1325_1455,0.445994213026386
2021_1325_1457,0.464027598317323
2021_1325_1458,0.288144080477463
2021_1326_1328,0.572131542259864
2021_1326_1329,0.557457789449163
2021_1326_1331,0.860499564302641
2021_1326_1332,0.553971995130513
2021_1326_1333,0.693783369717799
2021_1326_1345,0.539970377305287
2021_1326_1353,0.584727792215409
2021_1326_1361,0.519807467006667
2021_1326_1364,0.685654210287821
2021_1326_1382,0.55194264404368
2021_1326_1393,0.594515879442156
2021_1326_1397,0.499164575608697
2021_1326_1400,0.521317478669731
2021_1326_1403,0.514651108634327
2021_1326_1411,0.933236701733615
2021_1326_1417,0.595725116051645
2021_1326_1422,0.731721452654123
2021_1326_1425,0.507939033633431
2021_1326_1429,0.597676268987169
2021_1326_1433,0.618223800243542
2021_1326_1437,0.504514277139515
2021_1326_1438,0.504482773766459
2021_1326_1439,0.605099676306134
2021_1326_1452,0.535460698993558
2021_1326_1455,0.673446631958301
2021_1326_1457,0.689235126432397
2021_1326_1458,0.509066411662627
2021_1328_1329,0.485541029908675
2021_1328_1331,0.822114915949509
2021_1328_1332,0.482015124508973
2021_1328_1333,0.629288113011956
2021_1328_1345,0.467924223499712
2021_1328_1353,0.513374122354016
2021_1328_1361,0.44783264129967
2021_1328_1364,0.620383632975211
2021_1328_1382,0.479965716602255
2021_1328_1393,0.523473423981442
2021_1328_1397,0.427503377642649
2021_1328_1400,0.449329214622695
2021_1328_1403,0.44273198097494
2021_1328_1411,0.912838990457546
2021_1328_1417,0.524725153618034
2021_1328_1422,0.671432494876872
2021_1328_1425,0.436115053597967
2021_1328_1429,0.526746753651469
2021_1328_1433,0.548178310932683
2021_1328_1437,0.432748670290123
2021_1328_1438,0.432717734601547
2021_1328_1439,0.534459501333108
2021_1328_1452,0.463410123565262
2021_1328_1455,0.607093803297553
2021_1328_1457,0.624300671392068
2021_1328_1458,0.437224666158211
2021_1329_1331,0.830678650327515
2021_1329_1332,0.49693294848896
2021_1329_1333,0.643104960956615
2021_1329_1345,0.482812435394081
2021_1329_1353,0.528272670542817
2021_1329_1361,0.462637426111042
2021_1329_1364,0.634339515370524
2021_1329_1382,0.494880711494611
2021_1329_1393,0.53834082474125
2021_1329_1397,0.442174286491768
2021_1329_1400,0.464141886618327
2021_1329_1403,0.457507858572535
2021_1329_1411,0.917473527956902
2021_1329_1417,0.539587849736103
2021_1329_1422,0.684466179566781
2021_1329_1425,0.450848759130054
2021_1329_1429,0.541601458717903
2021_1329_1433,0.562918505185646
2021_1329_1437,0.447458893872972
2021_1329_1438,0.447427736052903
2021_1329_1439,0.549279265028987
2021_1329_1452,0.478283814942747
2021_1329_1455,0.621239973437191
2021_1329_1457,0.638196532531161
2021_1329_1458,0.451965812087379
2021_1331_1332,0.16786105992255
2021_1331_1333,0.268994857495495
2021_1331_1345,0.160115116209787
2021_1331_1353,0.186125802302288
2021_1331_1361,0.149525961926694
2021_1331_1364,0.261591051394982
2021_1331_1382,0.166717449737191
2021_1331_1393,0.192331774473206
2021_1331_1397,0.139321489909222
2021_1331_1400,0.150296996720043
2021_1331_1403,0.14691888725955
2021_1331_1411,0.694217269819214
2021_1331_1417,0.193112565938191
2021_1331_1422,0.306991737733864
2021_1331_1425,0.143583952057684
2021_1331_1429,0.194379082925325
2021_1331_1433,0.208237989768306
2021_1331_1437,0.141907361393536
2021_1331_1438,0.141892016223472
2021_1331_1439,0.199274424696042
2021_1331_1452,0.157690420516657
2021_1331_1455,0.250907178222773
2021_1331_1457,0.264823055047409
2021_1331_1458,0.144139528859521
2021_1332_1333,0.6463388746899
2021_1332_1345,0.486338697115159
2021_1332_1353,0.531789558114938
2021_1332_1361,0.466149146674956
2021_1332_1364,0.63760809821237
2021_1332_1382,0.49841017335227
2021_1332_1393,0.541847749002806
2021_1332_1397,0.445659499606656
2021_1332_1400,0.467655088581011
2021_1332_1403,0.461014046996138
2021_1332_1411,0.918536243956057
2021_1332_1417,0.543093341053027
2021_1332_1422,0.687507421346684
2021_1332_1425,0.454346655562731
2021_1332_1429,0.5451045436809
2021_1332_1433,0.566389108319929
2021_1332_1437,0.450952087313229
2021_1332_1438,0.45092088475768
2021_1332_1439,0.552772126124244
2021_1332_1452,0.481807814058987
2021_1332_1455,0.624556346706889
2021_1332_1457,0.641450125801408
2021_1332_1458,0.455465187059134
2021_1333_1345,0.341685199664711
2021_1333_1353,0.383716144337354
2021_1333_1361,0.3237162369145
2021_1333_1364,0.490966738941652
2021_1333_1382,0.352631083817996
2021_1333_1393,0.393326410248161
2021_1333_1397,0.305899851658458
2021_1333_1400,0.325042199659288
2021_1333_1403,0.319211982380836
2021_1333_1411,0.860744648585271
2021_1333_1417,0.394524586445408
2021_1333_1422,0.546702795085166
2021_1333_1425,0.313402919055808
2021_1333_1429,0.396463005721674
2021_1333_1433,0.417267478391618
2021_1333_1437,0.310462237097029
2021_1333_1438,0.31043525916428
2021_1333_1439,0.403896180801518
2021_1333_1452,0.337616186972301
2021_1333_1455,0.476965958929786
2021_1333_1457,0.49513242589463
2021_1333_1458,0.314374379914435
2021_1345_1353,0.545830741036617
2021_1345_1361,0.480234839579067
2021_1345_1364,0.650561123151249
2021_1345_1382,0.512534790354596
2021_1345_1393,0.555839228138968
2021_1345_1397,0.459659147991532
2021_1345_1400,0.481745222950223
2021_1345_1403,0.475082658455121
2021_1345_1411,0.922665896467133
2021_1345_1417,0.557077875366554
2021_1345_1422,0.699517417019213
2021_1345_1425,0.468388616611471
2021_1345_1429,0.559077497453948
2021_1345_1433,0.580211758568608
2021_1345_1437,0.464978537137293
2021_1345_1438,0.46494718592075
2021_1345_1439,0.56669677377274
2021_1345_1452,0.495927119343619
2021_1345_1455,0.637710810725915
2021_1345_1457,0.654340271769112
2021_1345_1458,0.469511971943779
2021_1353_1361,0.435095617783629
2021_1353_1364,0.608144125104551
2021_1353_1382,0.467087874942941
2021_1353_1393,0.510574347173969
2021_1353_1397,0.414910081174301
2021_1353_1400,0.436583281111109
2021_1353_1403,0.430027047250885
2021_1353_1411,0.908640175855325
2021_1353_1417,0.511828361799355
2021_1353_1422,0.659936689682341
2021_1353_1425,0.423455715145343
2021_1353_1429,0.513853995061518
2021_1353_1433,0.53535438644996
2021_1353_1437,0.420114246406839
2021_1353_1438,0.420083545042234
2021_1353_1439,0.521586022486407
2021_1353_1452,0.450591597944328
2021_1353_1455,0.594705737079918
2021_1353_1457,0.612108492243025
2021_1353_1458,0.424557369266773
2021_1361_1364,0.668732658974861
2021_1361_1382,0.532728564271748
2021_1361_1393,0.575724085411013
2021_1361_1397,0.479820249481619
2021_1361_1400,0.501975106112932
2021_1361_1403,0.495300149534654
2021_1361_1411,0.928248065571674
2021_1361_1417,0.576949484895977
2021_1361_1422,0.716253504770709
2021_1361_1425,0.488586391076558
2021_1361_1429,0.578927204527455
2021_1361_1433,0.599791104067343
2021_1361_1437,0.485163463656949
2021_1361_1438,0.485131985533163
2021_1361_1439,0.586457191411916
2021_1361_1452,0.516159410342815
2021_1361_1455,0.656197442405843
2021_1361_1457,0.672414242227079
2021_1361_1458,0.489713564194015
2021_1364_1382,0.361350648196999
2021_1364_1393,0.402426716379399
2021_1364_1397,0.31402440791984
2021_1364_1400,0.333430937494877
2021_1364_1403,0.327523267264243
2021_1364_1411,0.865235828948297
2021_1364_1417,0.403634170458859
2021_1364_1422,0.556098929216641
2021_1364_1425,0.32163441119109
2021_1364_1429,0.405587365926449
2021_1364_1433,0.426532261338093
2021_1364_1437,0.318652338392652
2021_1364_1438,0.318624977632598
2021_1364_1439,0.413074526816734
2021_1364_1452,0.346163005272871
2021_1364_1455,0.486449751555717
2021_1364_1457,0.504628929342672
2021_1364_1458,0.322619398182313
2021_1382_1393,0.543885038296635
2021_1382_1397,0.447688529018975
2021_1382_1400,0.469699408624646
2021_1382_1403,0.463054588370333
2021_1382_1411,0.919148433415564
2021_1382_1417,0.545129741251578
2021_1382_1422,0.689268439640105
2021_1382_1425,0.456382674140513
2021_1382_1429,0.547139454582136
2021_1382_1433,0.568404192629719
2021_1382_1437,0.452985522494434
2021_1382_1438,0.45295429531399
2021_1382_1439,0.55480075064077
2021_1382_1452,0.48385776913981
2021_1382_1455,0.626479382271491
2021_1382_1457,0.643336045626796
2021_1382_1458,0.457502015393824
2021_1393_1397,0.405124615663772
2021_1393_1400,0.426659405828307
2021_1393_1403,0.420141069531552
2021_1393_1411,0.905226026386721
2021_1393_1417,0.501717183629253
2021_1393_1422,0.650800234624585
2021_1393_1425,0.41361118065715
2021_1393_1429,0.503744093397184
2021_1393_1433,0.525278535385743
2021_1393_1437,0.410292112497744
2021_1393_1438,0.410261621095439
2021_1393_1439,0.511484049612816
2021_1393_1452,0.440598310768784
2021_1393_1455,0.584919033086807
2021_1393_1457,0.602461108988526
2021_1393_1458,0.414705645554894
2021_1397_1400,0.522612943590006
2021_1397_1403,0.515947863200045
2021_1397_1411,0.933559460237461
2021_1397_1417,0.596974887933642
2021_1397_1422,0.732739419016794
2021_1397_1425,0.509236620580802
2021_1397_1429,0.598924070026382
2021_1397_1433,0.619448450131097
2021_1397_1437,0.505812108584393
2021_1397_1438,0.505780606895144
2021_1397_1439,0.606339618278917
2021_1397_1452,0.536751900364524
2021_1397_1455,0.674587381508733
2021_1397_1457,0.690346082061278
2021_1397_1458,0.510363891483716
2021_1400_1403,0.493787759822895
2021_1400_1411,0.927844049335063
2021_1400_1417,0.575472055670205
2021_1400_1422,0.71502227163942
2021_1400_1425,0.487074717277718
2021_1400_1429,0.577451623684004
2021_1400_1433,0.598337910467568
2021_1400_1437,0.483652364743213
2021_1400_1438,0.483620892563943
2021_1400_1439,0.584989081903176
2021_1400_1452,0.514648276127112
2021_1400_1455,0.654831197100065
2021_1400_1457,0.671080138444809
2021_1400_1458,0.488201732108149
2021_1403_1411,0.92961133458157
2021_1403_1417,0.581981570238766
2021_1403_1422,0.720431517394542
2021_1403_1425,0.493747268263496
2021_1403_1429,0.583952729252642
2021_1403_1433,0.604737629761112
2021_1403_1437,0.490322849767886
2021_1403_1438,0.490291355684732
2021_1403_1439,0.591456266363859
2021_1403_1452,0.521314648881349
2021_1403_1455,0.660841019212602
2021_1403_1457,0.676946618664868
2021_1403_1458,0.494874826419345
2021_1411_1417,0.0955246354713199
2021_1411_1422,0.163518117299563
2021_1411_1425,0.0688880765108055
2021_1411_1429,0.0962274557499321
2021_1411_1433,0.103991640333606
2021_1411_1437,0.068014421010684
2021_1411_1438,0.0680064329977683
2021_1411_1439,0.0989545208403638
2021_1411_1452,0.0763099065348122
2021_1411_1455,0.12877429881621
2021_1411_1457,0.137156667370712
2021_1411_1458,0.0691779749930741
2021_1417_1422,0.649658854326046
2021_1417_1425,0.412394519528497
2021_1417_1429,0.502489497840822
2021_1417_1433,0.524026941159528
2021_1417_1437,0.409078403544111
2021_1417_1438,0.409047939774532
2021_1417_1439,0.510229996869326
2021_1417_1452,0.439361745395578
2021_1417_1455,0.583700061380003
2021_1417_1457,0.601258534621286
2021_1417_1458,0.413488035154653
2021_1422_1425,0.274927319147629
2021_1422_1429,0.353033457479022
2021_1422_1433,0.372967291989627
2021_1422_1437,0.272204528749029
2021_1422_1438,0.272179563009736
2021_1422_1439,0.360138256541853
2021_1422_1452,0.297455815185796
2021_1422_1455,0.431015639539572
2021_1422_1457,0.448934159318911
2021_1422_1458,0.275827428348487
2021_1425_1429,0.590463929055086
2021_1425_1433,0.611140154468051
2021_1425_1437,0.497037278981962
2021_1425_1438,0.497005774176593
2021_1425_1439,0.597930889823904
2021_1425_1452,0.52801380950987
2021_1425_1455,0.666835436402347
2021_1425_1457,0.682793016087296
2021_1425_1458,0.501590244674205
2021_1429_1433,0.522004265843952
2021_1429_1437,0.407119910848219
2021_1429_1438,0.407089492450913
2021_1429_1439,0.508203715416507
2021_1429_1452,0.437365577446046
2021_1429_1455,0.581728562721471
2021_1429_1457,0.599313107671236
2021_1429_1458,0.411523133218251
2021_1433_1437,0.386485825479192
2021_1433_1438,0.386455943857575
2021_1433_1439,0.486651681656368
2021_1433_1452,0.416274863881697
2021_1433_1455,0.560612835996589
2021_1433_1457,0.57844180319656
2021_1433_1458,0.390812986811388
2021_1437_1438,0.500431039383165
2021_1437_1439,0.601220324961232
2021_1437_1452,0.531426994820978
2021_1437_1455,0.669872387810852
2021_1437_1457,0.685753055244283
2021_1437_1458,0.505015382923084
2021_1438_1439,0.601250539316567
2021_1438_1452,0.531458376151966
2021_1438_1455,0.669900256518717
2021_1438_1457,0.685780212185483
2021_1438_1458,0.505046885656497
2021_1439_1452,0.429760518184729
2021_1439_1455,0.574174992502696
2021_1439_1457,0.591854294526309
2021_1439_1458,0.404044734176797
2021_1452_1455,0.641891715845552
2021_1452_1457,0.658432057825982
2021_1452_1458,0.474033001342114
2021_1455_1457,0.5186365365133
2021_1455_1458,0.334991300709931
2021_1457_1458,0.318988080113623
